Gene	_INSERTION	DELETION_	DELINS	HDR	INSERTION_1bp	LARGE_DELETION	PQ_DELETION	TINS
1700025G04Rik	NA	NA	0.329847418020828	NA	NA	NA	NA	NA
1700123O20Rik	NA	NA	NA	NA	0.348383526947206	-0.285098129307533	NA	-0.503525743661307
1810037I17Rik	NA	NA	NA	NA	NA	NA	NA	0.516888913990754
2610507B11Rik	NA	NA	NA	NA	NA	-0.361236154480602	NA	NA
4921524J17Rik	NA	NA	-0.276116340068976	NA	NA	NA	NA	NA
4930407I10Rik	NA	NA	NA	NA	-0.350888179193364	NA	NA	NA
4930503E14Rik	NA	NA	NA	NA	NA	0.40811351560964	NA	NA
4931406C07Rik	NA	-0.174084191807707	NA	NA	NA	NA	NA	NA
9530002B09Rik	NA	NA	NA	NA	NA	NA	NA	-0.68918015508556
A630023A22Rik	NA	NA	-0.270457582411301	NA	NA	NA	NA	NA
AA467197	-0.515660701641688	NA	NA	NA	NA	NA	NA	NA
Aaas	NA	NA	NA	NA	NA	NA	NA	-0.649975437624885
AAdacl4fm3	-0.769724633420397	NA	NA	NA	NA	NA	NA	NA
Abraxas1	-0.746339864971112	NA	NA	NA	NA	NA	NA	NA
Acadl	NA	NA	NA	NA	NA	NA	NA	0.464912771858596
Acbd7	NA	NA	NA	NA	NA	0.291567541405152	NA	NA
Acot9	NA	NA	NA	NA	-0.283141703493613	NA	NA	NA
Actl6a	NA	NA	NA	NA	0.401078898970279	NA	NA	NA
Actr1b	NA	NA	NA	-0.393226114468709	NA	NA	NA	NA
Actr6	NA	NA	NA	NA	NA	0.328684918422805	NA	NA
Adam34l	-0.887477094537877	NA	NA	NA	-0.37383506303082	0.282257113730082	NA	NA
Adam6a	NA	NA	NA	NA	-0.344149855713618	NA	NA	NA
Adam6b	NA	NA	NA	NA	NA	NA	NA	-0.547582163383216
Adap1	-0.588234660447809	NA	NA	NA	NA	NA	NA	NA
Ahctf1	NA	NA	NA	-0.473354959748759	NA	NA	NA	NA
Aldoa	NA	NA	NA	NA	0.608747875903867	NA	NA	NA
Alg1	NA	NA	NA	-0.407879102343858	0.279949854188895	NA	NA	NA
Alg2	NA	NA	NA	NA	0.28680913358731	NA	NA	NA
Alkbh3	-0.86867421936188	NA	NA	NA	NA	NA	NA	NA
Anapc11	NA	NA	NA	-0.736640755580349	0.495714561273049	NA	NA	NA
Ang5	NA	NA	NA	NA	NA	-0.263798445971422	NA	NA
Ankrd66	NA	NA	NA	NA	NA	NA	NA	0.508776890498518
Ap1s2	NA	NA	NA	NA	-0.275264926521489	NA	NA	NA
Arhgap24	-0.656312064274164	NA	NA	NA	NA	NA	NA	NA
Arl2	NA	NA	NA	NA	0.630668594910108	NA	NA	NA
Arl4d	NA	NA	NA	NA	NA	NA	NA	-0.615322186460723
Armc7	NA	NA	NA	NA	0.275772878584452	NA	NA	NA
Art4	-0.786123899780783	NA	NA	NA	NA	NA	NA	NA
Asf1a	NA	NA	NA	NA	-0.285008904985161	NA	NA	NA
Atad5	NA	NA	NA	NA	NA	NA	NA	-0.723664892465468
Atm	NA	NA	NA	NA	0.634894782666369	-0.25156512013434	NA	NA
Atp2a2	NA	NA	NA	-0.941403273750389	NA	NA	NA	NA
Atp5a1	0.59259403161198	NA	NA	NA	NA	NA	NA	NA
Atp5mpl	NA	NA	NA	NA	NA	NA	NA	-0.749209635996203
Atp5pb	NA	NA	NA	NA	NA	NA	NA	-1.73667491122049
Atp6v0b	NA	NA	NA	-0.659325508937775	NA	NA	NA	NA
Atp6v1a	NA	NA	NA	-0.693723603859306	NA	NA	0.18692897156984	NA
Atp6v1b2	NA	NA	NA	-0.68605152448246	NA	NA	NA	NA
Atp6v1e1	NA	NA	NA	-0.397124747646463	NA	NA	NA	NA
Avl9	-0.546034792031945	NA	NA	NA	NA	NA	NA	NA
B3gnt7	NA	NA	NA	NA	NA	NA	NA	-0.517469593657684
B9d1	NA	NA	NA	NA	NA	NA	NA	-0.532382607008439
Bambi	-0.788631795838719	NA	NA	NA	NA	NA	NA	NA
Banp	0.577279060043168	NA	NA	NA	NA	NA	NA	NA
Bard1	NA	0.32085428041778	NA	-0.817526672277023	NA	NA	NA	NA
Bbx	NA	NA	NA	NA	NA	-0.301332592987268	NA	NA
Bcas2	NA	NA	NA	NA	0.403552677490678	NA	NA	NA
Bckdk	-0.512538927531797	NA	NA	NA	NA	NA	NA	NA
Bcl2a1d	NA	NA	NA	NA	NA	NA	NA	-1.69367705146927
Bid	NA	NA	NA	NA	NA	NA	NA	-0.578359515074119
Bop1	NA	NA	NA	NA	0.302792482881962	NA	NA	NA
Brca1	NA	0.261490311906697	NA	-0.563176736769322	NA	NA	NA	NA
Brd4	NA	0.238763389963276	NA	NA	NA	NA	NA	NA
Brf2	NA	NA	NA	-0.598965700465813	NA	NA	NA	NA
Brix1	NA	NA	0.26687855872553	NA	NA	NA	NA	NA
Btaf1	NA	NA	NA	-0.451380599625304	NA	NA	NA	NA
Bysl	NA	NA	NA	NA	0.363291957891408	NA	NA	-1.2403887798701
Bzw1	NA	NA	NA	NA	-0.42204594001139	NA	NA	NA
C1galt1c1	NA	-0.189497588432611	NA	NA	NA	NA	NA	NA
Castor2	NA	NA	NA	NA	NA	0.257992146748645	NA	NA
Ccdc137	NA	0.223872524237384	NA	NA	NA	NA	NA	NA
Ccdc175	NA	-0.171045215881882	NA	NA	NA	NA	NA	NA
Ccdc7b	-0.640667314459288	NA	NA	NA	NA	NA	NA	NA
Ccdc84	0.579302213290126	NA	NA	NA	NA	NA	NA	NA
Ccdc91	NA	NA	NA	NA	NA	NA	NA	-0.496541039063902
Ccnjl	NA	-0.181806783914892	NA	NA	NA	NA	NA	NA
Ccnl1	NA	NA	-0.348746425722667	NA	NA	NA	NA	NA
Ccnq	-0.586867029117911	NA	NA	NA	NA	NA	NA	NA
Cd180	NA	NA	NA	NA	NA	NA	NA	-0.588266529959782
Cd36	NA	-0.225810746067058	NA	NA	NA	NA	NA	NA
Cd46	NA	NA	NA	NA	NA	NA	NA	-0.738318503299863
Cd74	NA	NA	NA	NA	NA	NA	NA	0.464516968531367
Cd8a	-0.64953750549936	NA	NA	NA	NA	NA	NA	NA
Cdadc1	NA	NA	NA	NA	NA	NA	0.19074526702814	NA
Cdc16	NA	NA	NA	-0.565978156333143	NA	NA	NA	NA
Cdc20	NA	NA	NA	NA	NA	-0.295462937027628	NA	NA
Cdipt	NA	NA	NA	NA	0.40619815782931	NA	NA	NA
Cdk9	NA	NA	NA	NA	0.542971211596754	NA	NA	NA
Cdon	-0.471637983358767	NA	NA	NA	NA	NA	NA	NA
Celf2	NA	NA	0.260150774094345	NA	NA	NA	NA	NA
Cenpk	NA	NA	NA	NA	0.440819992513901	NA	NA	NA
Cenpm	NA	NA	NA	NA	0.463072682614431	NA	NA	NA
Cenpq	NA	-0.336029243322626	NA	NA	NA	NA	NA	NA
Cep55	NA	NA	NA	NA	NA	NA	NA	0.593878490910519
Cfap36	-1.02224621172231	-0.185119302161811	NA	NA	NA	NA	NA	NA
Cfap44	NA	NA	-0.315650370305469	NA	NA	NA	NA	NA
Chaf1b	NA	NA	NA	-0.632165609940193	NA	NA	NA	NA
Chek2	NA	NA	NA	0.352398623745258	NA	NA	NA	NA
Chmp4b	NA	NA	NA	-0.553542116088875	NA	NA	NA	NA
Chrna1	NA	NA	NA	NA	-0.33452893746385	NA	NA	NA
Ciao2b	NA	NA	NA	NA	0.378425563479154	NA	NA	NA
Ciao3	NA	NA	NA	-0.46371771435208	NA	NA	NA	NA
Cip2a	NA	NA	NA	NA	NA	NA	-0.386644309610006	NA
Clec14a	-0.506727455938974	NA	NA	NA	NA	NA	NA	NA
Clec1a	NA	NA	NA	NA	NA	-0.314583096638314	NA	NA
Clnk	NA	NA	-0.260990530233464	NA	NA	NA	NA	NA
Clvs2	NA	NA	NA	NA	NA	NA	NA	0.67731244537919
Cmc1	-0.91997311660437	NA	NA	NA	NA	NA	NA	NA
Cmtm3	NA	NA	0.247626599741877	NA	NA	NA	NA	NA
Cnep1r1	NA	NA	NA	NA	NA	-0.262029729929026	0.232384894404473	NA
Cnih1	NA	NA	0.268871311823508	NA	NA	NA	NA	NA
Cnot3	NA	NA	NA	-0.509105772765015	NA	NA	NA	NA
Cnot4	NA	NA	NA	NA	NA	-0.277185064401858	NA	NA
Cnot8	NA	NA	NA	-0.532433694980418	NA	NA	NA	NA
Cntrob	NA	NA	NA	NA	NA	NA	NA	-0.536887841502142
Cop1	NA	NA	NA	-0.32995232224064	NA	NA	NA	NA
Copb2	NA	NA	NA	-0.501943199530712	NA	NA	NA	NA
Cops4	NA	NA	NA	NA	0.38288960585982	NA	NA	NA
Cops5	NA	NA	NA	NA	0.570081250818207	NA	-0.341435589347331	NA
Cops6	NA	NA	NA	NA	0.399190934697323	NA	NA	NA
Cops8	NA	NA	NA	NA	0.468251352063422	NA	NA	NA
Cox7a2	NA	NA	NA	NA	NA	NA	NA	0.538456390471053
Cpsf2	NA	NA	NA	-0.391226104464747	0.338462637269492	NA	NA	NA
Cpsf4	NA	NA	NA	NA	NA	NA	NA	0.485613525623302
Cr2	NA	NA	NA	NA	NA	NA	NA	0.577338539660021
Cramp1	NA	NA	NA	NA	-0.327431383139975	NA	NA	NA
Crebrf	NA	NA	-0.322858051569776	NA	NA	NA	NA	NA
Cript	-0.994245090799358	NA	NA	NA	NA	NA	NA	NA
Csn1s2b	NA	NA	0.312780897912098	NA	NA	NA	NA	NA
Csn3	NA	NA	-0.278217757270879	NA	NA	NA	NA	NA
Csnk1a1	NA	NA	NA	NA	0.42338061240379	NA	NA	NA
Cstf1	NA	NA	NA	-0.408892765312187	NA	NA	NA	NA
Ctc1	NA	NA	NA	NA	NA	-0.308563428158278	NA	NA
Cyp2a22	NA	NA	NA	NA	NA	NA	NA	-0.529700463577688
Cyp2b9	NA	NA	-0.372172619585141	NA	NA	NA	NA	NA
Cyp2c55	NA	NA	NA	NA	-0.358888519788524	NA	NA	NA
Cyp2g1	NA	NA	NA	NA	NA	NA	NA	-0.490968489932199
Cyp2j11	NA	NA	NA	NA	NA	-0.44094467799869	NA	NA
Cyp7b1	NA	NA	0.2814935287313	NA	NA	NA	NA	NA
Cysltr2	NA	-0.218010093383484	NA	NA	NA	NA	NA	NA
Dbr1	NA	NA	-0.373752251993443	NA	0.7580424960037	NA	-0.912317031117112	-1.48418496140336
Dclre1c	NA	NA	NA	NA	NA	-0.320160488646735	NA	NA
Dctn6	NA	NA	NA	NA	0.355445516241689	NA	NA	NA
Ddb1	NA	NA	NA	NA	0.568346662166533	NA	NA	NA
Ddx19a	NA	NA	NA	-0.633506512196091	0.287747607189184	NA	NA	NA
Ddx43	-0.769148483664278	NA	NA	NA	NA	NA	NA	NA
Ddx47	NA	NA	NA	-0.955019550105761	0.564352609121477	NA	NA	NA
Ddx55	NA	0.276755033076722	NA	-0.70885878074752	NA	NA	NA	NA
Def6	-0.570617285947326	NA	NA	NA	NA	NA	NA	NA
Defb14	NA	NA	NA	NA	NA	NA	0.173691708097215	NA
Defb7	NA	NA	NA	NA	-0.377409847508496	NA	NA	NA
Dek	NA	-0.179605920781506	NA	NA	NA	NA	NA	NA
Desi2	-0.583461921412513	NA	NA	NA	NA	NA	NA	NA
Dhps	NA	NA	NA	NA	0.444143735698803	-0.294780321253779	-0.261349861978655	NA
Dhx37	NA	NA	NA	-0.716512942097945	0.474573547673853	NA	NA	NA
Dmpk	-0.509818175244776	NA	NA	NA	NA	NA	NA	NA
Dnaaf6b	NA	-0.193297875962259	NA	NA	NA	NA	NA	NA
Dnm2	NA	NA	NA	0.321400121412112	NA	NA	NA	NA
Dohh	NA	NA	NA	NA	0.432315540062087	NA	NA	NA
Dtl	NA	NA	NA	NA	0.411729238650396	NA	NA	NA
Dut	NA	NA	NA	-0.88256999708872	NA	0.329180791928739	NA	NA
E130311K13Rik	NA	NA	NA	NA	-0.309312575215368	NA	NA	NA
Ebna1bp2	0.552705678612662	NA	NA	NA	NA	NA	NA	NA
Ecd	NA	NA	NA	-0.812857465952886	NA	NA	NA	NA
Ect2	NA	NA	NA	-0.537029712711081	NA	NA	NA	NA
Eed	NA	NA	NA	-0.38001835495504	NA	NA	NA	NA
Eef2	NA	NA	NA	NA	0.280454810944852	NA	NA	NA
Efnb3	NA	NA	-0.250775398391672	NA	NA	NA	NA	NA
Ehd3	NA	NA	NA	NA	-0.287932176218801	0.250457613314706	NA	NA
Eif2b2	NA	NA	NA	NA	0.431834412128161	NA	NA	NA
Eif3a	NA	NA	NA	-0.363766533426948	NA	NA	NA	NA
Eif3f	NA	NA	NA	NA	0.480808835119636	NA	NA	NA
Eif3g	NA	NA	NA	-0.571253614306617	0.322780460588309	NA	NA	NA
Eif3i	NA	NA	NA	-0.854125673915253	NA	NA	NA	NA
Eif3m	NA	NA	NA	-0.482494176462158	NA	NA	NA	NA
Eif5a	NA	NA	NA	NA	0.349042595208496	NA	NA	NA
Elmo2	NA	NA	NA	NA	NA	-0.29252016162885	NA	NA
Elmod1	NA	NA	0.290794459911861	NA	NA	NA	NA	NA
Epn2	NA	NA	NA	NA	NA	0.263139276882751	NA	NA
Ercc2	NA	NA	NA	-0.493047284316993	NA	NA	NA	NA
Erich3	NA	NA	NA	NA	NA	NA	NA	-0.566663159570016
Erich5	-0.569254526748325	NA	NA	NA	NA	NA	NA	NA
Esrrg	NA	NA	NA	NA	NA	-0.25786812564029	NA	NA
Etfrf1	NA	NA	-0.274271507260264	NA	NA	NA	NA	NA
Exosc4	NA	NA	NA	-0.717594944217843	0.551492906076685	NA	NA	NA
Exosc8	NA	NA	NA	NA	0.511686584125064	NA	NA	NA
Faap100	NA	NA	NA	-0.875462339239837	0.452358828515212	NA	NA	NA
Faf2	NA	NA	NA	NA	0.35148606313993	NA	NA	NA
Fam133b	-0.935403111174368	NA	NA	NA	NA	NA	NA	NA
Fam166c	NA	NA	-0.270950230735488	NA	NA	NA	NA	NA
Fam183b	NA	NA	NA	NA	NA	NA	NA	-0.669072792327398
Fam220a	NA	NA	NA	NA	NA	-0.338215061199499	NA	NA
Fam50a	NA	NA	NA	NA	0.278662664676722	NA	NA	NA
Fanca	NA	NA	NA	-0.916053822513195	0.275345488503925	NA	NA	NA
Fancb	NA	NA	NA	-0.944773998812968	NA	NA	NA	NA
Fancc	NA	0.284044303228377	NA	-0.964214448121809	NA	NA	NA	NA
Fancd2	NA	NA	NA	-0.867676204386398	0.358383350496501	NA	NA	NA
Fancg	NA	NA	NA	-0.84005819676126	0.315347162056818	NA	NA	NA
Fanci	NA	0.226254878140669	NA	-1.01690314276944	0.400492928431514	NA	NA	NA
Fancm	NA	NA	NA	-0.91832592733941	0.355090264105404	NA	NA	NA
Farsa	NA	NA	NA	-0.633687785657923	NA	NA	NA	NA
Fbxw16	NA	NA	NA	NA	NA	-0.263619092041742	NA	NA
Fbxw21	NA	NA	NA	0.318464233071392	NA	NA	NA	NA
Fez1	NA	NA	-0.311873890173393	NA	NA	NA	NA	NA
Foxd3	NA	NA	NA	-0.420575321132214	0.288882001519027	NA	NA	NA
Foxh1	NA	NA	NA	NA	NA	-0.279613059113334	NA	NA
Foxn2	NA	NA	-0.366207313422401	NA	NA	NA	NA	NA
Fra10ac1	NA	-0.205744479885688	NA	NA	NA	NA	NA	NA
Fsbp	NA	NA	NA	NA	NA	NA	NA	-0.499645915491358
Fshr	-0.51999092923231	NA	NA	NA	NA	NA	NA	NA
Fus	NA	NA	NA	NA	NA	NA	NA	-0.545520884300697
G2e3	NA	NA	NA	NA	NA	NA	NA	0.506543263503236
Gab3	NA	NA	NA	NA	-0.281915416353957	NA	NA	NA
Gabpb1	NA	NA	NA	NA	NA	NA	-0.273310141776266	NA
Gak	-0.475912092648443	NA	NA	NA	NA	NA	NA	NA
Gar1	NA	NA	NA	NA	NA	NA	-0.252791539087673	NA
Gje1	-0.503038177720423	NA	0.236168157819338	NA	NA	NA	NA	NA
Glmn	NA	NA	NA	NA	NA	NA	NA	0.500609397631406
Glrx	NA	NA	NA	NA	NA	-0.27084706167872	NA	NA
Gm4847	NA	NA	NA	NA	NA	NA	NA	0.533002898126154
Gm5150	NA	NA	NA	NA	-0.281088697042186	NA	NA	NA
Gm527	NA	NA	NA	NA	NA	NA	NA	-0.820819849067345
Gm5916	NA	-0.170654177961606	NA	NA	NA	NA	NA	NA
Gm8882	0.525005677546804	NA	NA	NA	NA	NA	NA	NA
Gna13	NA	NA	NA	0.341278279421695	NA	NA	NA	NA
Gnb1	NA	NA	NA	-0.370649544541646	NA	NA	NA	NA
Gngt2	NA	-0.172496623631674	NA	NA	NA	0.262842832332297	NA	NA
Gnl2	NA	NA	NA	NA	0.379019670054899	NA	NA	NA
Golga4	NA	NA	NA	NA	NA	NA	NA	-0.669494346741453
Gpatch11	NA	NA	NA	NA	NA	NA	NA	-0.536705477167727
Gpn2	NA	NA	NA	-0.648756517137073	0.507271217533359	NA	NA	NA
Gps1	NA	NA	NA	-0.615669909394723	0.390069214885131	NA	NA	NA
Gria4	NA	NA	NA	0.348023329521759	NA	-0.251821758339271	NA	NA
Grid1	-0.473305981401046	NA	NA	NA	NA	NA	NA	NA
Gtf2a1	NA	NA	NA	-0.635824340792044	0.409825778423336	NA	NA	NA
Gtf2f1	NA	NA	NA	NA	NA	NA	NA	-0.805143037146328
Gtf3c3	0.489294470764848	NA	NA	NA	NA	NA	NA	NA
H2ax	NA	0.327744892246523	NA	-1.09171760024269	0.957697008937089	-0.421126229943164	-0.511021068736434	-1.06917160566432
Hbb-y	NA	NA	0.233129532362959	NA	NA	NA	NA	NA
Hdac11	NA	NA	NA	NA	NA	NA	NA	-0.489659220301777
Hdlbp	NA	NA	NA	NA	NA	NA	NA	-0.729398504531203
Helq	NA	NA	NA	-0.820343891824643	NA	NA	NA	NA
Hgfac	NA	NA	-0.260134517125415	NA	NA	NA	NA	NA
Hltf	NA	NA	-0.347630846811344	0.416608936300105	NA	NA	-0.2968666251082	NA
Hmgcs1	NA	NA	NA	NA	NA	NA	NA	-0.612152372772378
Hmgn5	NA	NA	NA	NA	NA	NA	NA	-0.616047673081715
Hormad1	NA	-0.177571559284107	NA	NA	NA	NA	NA	NA
Hrob	NA	NA	NA	-0.419032397258714	NA	NA	NA	NA
Hsd3b2	NA	NA	-0.329469872060778	NA	NA	NA	NA	NA
Hus1	NA	NA	NA	NA	NA	0.32121041592258	NA	NA
Hykk	NA	NA	-0.335870406815428	NA	NA	NA	NA	NA
Ifit1bl1	NA	NA	NA	NA	NA	NA	0.165598849907058	NA
Ifit1bl2	NA	NA	NA	NA	NA	NA	NA	-0.589134343371064
Ifitm6	NA	NA	NA	NA	NA	-0.332296583066681	NA	NA
Il15	NA	NA	NA	NA	NA	-0.358530314613468	NA	NA
Il6st	NA	NA	NA	-0.495763586438474	NA	NA	NA	NA
Imp3	NA	NA	NA	-0.959929611874154	0.579268975000162	NA	NA	NA
Ints3	NA	NA	NA	-0.75559545514664	0.435742876535038	NA	NA	NA
Ints7	NA	NA	NA	NA	0.581615957594284	NA	NA	NA
Jak1	NA	NA	NA	-0.533761159173426	0.478255407304182	NA	NA	NA
Kctd14	NA	NA	NA	NA	NA	0.251027401031327	NA	NA
Kctd18	NA	NA	NA	NA	-0.303648585109818	NA	NA	NA
Khdrbs1	NA	NA	NA	NA	NA	0.255831166417359	NA	-0.590564889333639
Kif18b	NA	0.21971172128422	NA	NA	NA	NA	NA	NA
Klra9	0.702423023766068	NA	-0.32883043717722	NA	NA	NA	NA	NA
Kmt2c	NA	NA	NA	NA	NA	NA	NA	-0.527544837791663
Knl1	NA	NA	NA	NA	NA	NA	NA	0.526712965866827
Kpna2	NA	NA	NA	-0.787966162712449	NA	NA	NA	NA
Krcc1	NA	NA	NA	NA	NA	-0.284459874141308	NA	NA
Krt10	NA	NA	NA	NA	0.277601398954808	NA	NA	NA
L3mbtl2	NA	NA	NA	NA	0.335223897780438	NA	NA	NA
Lars2	NA	NA	NA	NA	0.337490014280831	NA	NA	NA
Ldlr	NA	NA	NA	NA	NA	NA	0.192881122764937	NA
Lifr	NA	NA	NA	-0.739959761208586	NA	NA	NA	NA
Lig4	NA	NA	NA	0.459517763019195	NA	NA	NA	NA
Lin52	NA	NA	NA	NA	NA	NA	NA	0.53888105606441
Lrrd1	-0.794761954890643	NA	NA	NA	NA	NA	NA	NA
Lxn	-0.872678954170881	NA	NA	NA	NA	NA	NA	NA
Ly6k	NA	NA	NA	NA	-0.278267371204756	NA	NA	NA
Lysmd3	NA	NA	NA	NA	NA	NA	NA	0.475837477215629
Maea	NA	NA	NA	NA	NA	NA	0.189185081053116	NA
Marchf6	-0.760654444220314	NA	NA	NA	NA	NA	NA	NA
Marf1	-0.751841723143803	NA	NA	NA	NA	NA	NA	NA
Mars1	NA	NA	NA	-0.488375745155257	0.527983777082658	NA	NA	NA
Mbd2	0.49116186098734	NA	NA	NA	NA	-0.26844075190772	NA	NA
Mcl1	NA	NA	NA	-0.402908712609732	NA	NA	NA	NA
Mcm2	NA	NA	NA	-0.750233833532014	0.398576119211195	NA	NA	NA
Mcm6	NA	0.244511650171808	NA	NA	NA	NA	NA	NA
Mcm7	NA	NA	NA	NA	0.49557777928761	NA	NA	NA
Mcm8	NA	NA	NA	-0.535033658610205	0.295736961754869	NA	NA	NA
Me3	-0.484647614588502	NA	NA	NA	NA	NA	NA	NA
Meaf6	NA	NA	NA	NA	NA	0.258780971104474	NA	NA
Med1	NA	NA	NA	-0.342257750488121	NA	NA	NA	NA
Med12	NA	NA	NA	-0.371925792996985	NA	NA	NA	NA
Med18	NA	NA	NA	-0.42767945032885	NA	NA	NA	NA
Med20	NA	NA	NA	NA	0.472488640986923	NA	NA	NA
Med22	NA	NA	NA	NA	NA	NA	NA	-0.66541797558423
Med24	NA	NA	NA	-0.530245789313678	NA	NA	NA	NA
Med4	NA	NA	NA	NA	0.332047067760045	NA	NA	NA
Mettl14	NA	NA	NA	0.509208822355275	NA	NA	NA	NA
Mettl3	NA	NA	NA	0.441144819947902	NA	NA	NA	NA
Mfsd14b	NA	NA	NA	NA	-0.33920479629302	NA	NA	NA
Milr1	-0.689482329089593	NA	NA	NA	NA	NA	NA	NA
Mme	-0.476769625536516	NA	NA	NA	NA	NA	NA	NA
Mmp20	-0.647680829636853	NA	NA	NA	NA	NA	NA	NA
Mre11a	0.799300449787818	NA	NA	-0.636202149428266	0.982935007689989	-0.402517922861442	-0.517417287998202	NA
Mrgprb1	NA	NA	NA	NA	-0.304159110935842	NA	NA	NA
Mrpl1	NA	NA	-0.251108504123471	NA	NA	NA	NA	NA
Mrps21	NA	NA	NA	NA	0.394985283971733	NA	NA	NA
Msh2	NA	NA	NA	-0.334477921523895	NA	NA	NA	NA
Msh6	NA	NA	NA	-0.547140948987702	NA	NA	NA	NA
Msrb2	NA	NA	NA	NA	NA	NA	NA	-0.570609453182278
Msx1	-0.472170442129429	NA	NA	NA	NA	NA	NA	NA
Mtarc2	NA	NA	NA	NA	NA	NA	NA	-0.604944268996218
Mterf2	NA	NA	NA	NA	NA	NA	0.181147414696926	NA
Myh15	NA	NA	NA	NA	NA	-0.389733267992132	NA	NA
Naa38	NA	NA	NA	-0.375481575494722	NA	NA	NA	NA
Naca	NA	0.264369179541968	NA	NA	NA	NA	NA	NA
Nagk	NA	NA	NA	NA	NA	-0.271185789243375	NA	NA
Nanog	NA	0.314904015903235	NA	-0.893305399126446	0.534818201197761	NA	-0.276981164278847	NA
Nanos2	NA	NA	0.236052840987943	NA	NA	NA	NA	NA
Nanp	0.569417947981886	NA	NA	NA	NA	NA	NA	NA
Nbn	NA	NA	NA	NA	0.958452920034725	NA	-0.389500135402705	NA
Ncapg2	NA	NA	NA	-0.560985703030146	0.427301778452369	NA	NA	NA
Ndufb11b	NA	NA	-0.271097429772082	NA	NA	NA	NA	NA
Ndufb4	NA	NA	-0.585484935452296	NA	NA	NA	NA	NA
Ndufc2	0.584840341821333	NA	NA	NA	NA	NA	NA	NA
Necab1	NA	NA	-0.252890360819405	NA	NA	NA	NA	NA
Nelfcd	NA	NA	NA	NA	0.399744534037718	NA	NA	NA
Nf2	NA	NA	NA	NA	NA	-0.277489668060345	NA	NA
Nle1	NA	NA	NA	NA	0.300745978199031	NA	NA	NA
Nol10	NA	NA	NA	-0.625488629198911	NA	NA	NA	NA
Nom1	NA	NA	NA	-0.425420362138484	NA	NA	NA	NA
Nop16	NA	NA	NA	NA	NA	-0.286162077523066	NA	NA
Nqo1	NA	NA	NA	NA	NA	NA	NA	-0.827537034867973
Nrf1	NA	NA	NA	-0.685556127247381	0.462908691391802	NA	NA	NA
Nsf	NA	NA	NA	-0.768042366438781	0.524958489827052	NA	NA	NA
Nsun6	-0.564520273635598	NA	NA	NA	NA	NA	NA	NA
Nubp2	NA	NA	NA	-0.651844465774918	NA	NA	NA	NA
Nudt21	NA	NA	NA	NA	NA	NA	-0.260037909490362	NA
Nuf2	NA	NA	NA	-0.914703852184195	NA	NA	NA	NA
Nufip2	0.491798912316002	NA	NA	NA	NA	NA	NA	NA
Numa1	NA	NA	NA	NA	NA	NA	NA	-0.715852621056844
Nup85	NA	NA	NA	-0.749420195856876	NA	NA	NA	NA
Oaz2	NA	NA	NA	NA	NA	NA	NA	-0.725998893510678
Obsl1	-0.478454057309416	NA	NA	NA	NA	NA	NA	NA
Ogn	-0.488435572742344	NA	NA	NA	NA	NA	NA	NA
Omd	NA	NA	NA	NA	-0.278933678664077	NA	NA	NA
Oosp3	NA	NA	NA	NA	-0.592440759936529	NA	NA	NA
Oxnad1	NA	NA	-0.319548086698509	NA	NA	NA	NA	NA
Paf1	NA	NA	NA	-0.51594424941626	0.490721674209246	NA	NA	NA
Paip2b	NA	NA	NA	NA	NA	NA	NA	0.526249281728346
Pak1ip1	NA	NA	NA	NA	0.405873394935099	NA	NA	NA
Pals2	0.50088884555287	NA	NA	NA	NA	NA	NA	NA
Pam16	NA	NA	NA	NA	0.561626176086787	NA	NA	NA
Parp4	NA	NA	NA	NA	NA	-0.259042267743735	NA	NA
Pate6	NA	NA	NA	NA	NA	NA	0.206419977617155	NA
Pcdhb22	NA	NA	-0.297053836276686	NA	NA	NA	NA	NA
Pcgf3	NA	NA	NA	NA	-0.291846176660277	NA	NA	NA
Pcid2	NA	NA	NA	-0.505260609577284	NA	NA	NA	NA
Pdap1	NA	NA	NA	NA	NA	-0.366084734819625	NA	NA
Pdcd2l	NA	NA	NA	NA	0.292882800761779	NA	NA	NA
Pdcl2	NA	NA	-0.261920745463764	NA	NA	NA	NA	NA
Pelo	NA	NA	NA	-0.342780749718451	NA	NA	NA	NA
Pex12	-0.478331758004041	NA	NA	NA	NA	NA	NA	NA
Pfdn2	NA	NA	NA	NA	0.311732808843238	NA	NA	NA
Pfdn5	NA	NA	NA	NA	NA	NA	0.18760317302642	NA
Phb	NA	NA	NA	NA	0.383031641755178	NA	NA	NA
Phb2	NA	NA	NA	NA	0.491301689848641	NA	NA	NA
Pigw	NA	NA	NA	NA	NA	NA	NA	-0.636025218393602
Pknox1	NA	NA	NA	0.320965522238673	NA	NA	NA	NA
Pmp2	NA	NA	NA	NA	0.277380254704418	NA	NA	NA
Pnkp	NA	NA	0.251039395487125	NA	NA	NA	NA	-0.649610012181128
Pnma3	NA	NA	NA	NA	-0.322452563530579	NA	NA	NA
Pnn	NA	NA	NA	NA	NA	-0.290208604577926	NA	NA
Pof1b	NA	NA	NA	NA	-0.276813026558758	NA	NA	NA
Pold1	NA	NA	NA	-0.675180034081085	0.480411715224667	NA	NA	NA
Pole3	NA	NA	NA	NA	NA	NA	0.191259251095948	NA
Poll	NA	NA	NA	NA	-0.787766339113967	NA	NA	NA
Polm	NA	NA	-0.46918269284663	NA	NA	NA	NA	NA
Polq	NA	NA	NA	NA	NA	0.937573497026806	-0.720433257975041	-0.938636546482513
Polr1a	NA	0.241509439808289	NA	NA	0.550475974084763	NA	-0.402884022053635	NA
Polr1b	NA	NA	NA	NA	0.668443118683745	NA	NA	NA
Polr1d	NA	NA	NA	NA	0.361687155374759	NA	NA	NA
Polr2i	NA	NA	NA	-0.6533290680413	NA	NA	NA	NA
Polr2j	NA	0.298194361430459	NA	-0.796813214606179	NA	NA	NA	NA
Polr3b	NA	NA	NA	NA	0.440632438883342	NA	NA	NA
Polr3d	NA	NA	NA	NA	NA	NA	NA	-0.651031579673762
Pop5	NA	NA	NA	-0.921143588395871	0.395687157346169	NA	NA	NA
Pou5f1	NA	NA	NA	-0.601997340328035	0.303160164661617	NA	NA	NA
Ppan	NA	NA	NA	NA	0.280696406976096	NA	NA	NA
Ppp1r2	NA	NA	0.243531339751434	NA	NA	NA	NA	NA
Ppp1r7	NA	NA	NA	-0.60067841870032	NA	NA	NA	NA
Ppp2ca	NA	NA	NA	-0.540991951741935	NA	NA	NA	NA
Ppp4c	NA	NA	NA	-0.907394434616742	NA	NA	NA	NA
Pramel26	NA	NA	NA	NA	NA	NA	NA	-0.538196515575824
Pramel32	NA	NA	NA	NA	NA	0.350723108510199	NA	NA
Prelid1	0.556690426603872	NA	NA	NA	0.38488784021336	NA	NA	NA
Prkdc	NA	NA	-0.460506370674869	0.363413608320609	NA	NA	NA	NA
Prl2c5	-0.512717730262439	NA	NA	NA	NA	NA	NA	NA
Prl7a2	-0.629941352697052	NA	NA	NA	NA	NA	NA	NA
Prl8a1	NA	NA	NA	NA	NA	NA	NA	-0.597583499063035
Prmt1	NA	NA	NA	NA	0.501914026643133	NA	NA	NA
Prmt5	NA	NA	NA	NA	0.467588903132643	NA	NA	NA
Prpf19	NA	NA	NA	NA	0.436061271685159	NA	NA	NA
Prpf38a	NA	NA	NA	NA	0.353489983693231	NA	NA	NA
Prpf8	NA	NA	NA	NA	0.514364330182839	NA	NA	NA
Prss48	-0.4912163611671	NA	NA	NA	NA	NA	NA	NA
Prss54	NA	NA	NA	NA	NA	NA	NA	-0.665680383928839
Psip1	NA	NA	NA	0.311900127676328	NA	NA	NA	NA
Psma4	NA	NA	NA	-0.858103983263975	0.313119180356278	NA	NA	NA
Psmd6	NA	NA	NA	NA	0.617288403000756	NA	NA	NA
Psme3ip1	NA	NA	NA	NA	NA	-0.253369052010285	NA	NA
Psmf1	NA	NA	NA	NA	NA	NA	NA	0.506108628350695
Psmg1	NA	NA	NA	NA	NA	-0.284831295693087	NA	NA
Psmg2	NA	NA	NA	NA	NA	NA	-0.326215784057887	NA
Psmg4	NA	NA	NA	NA	0.401112214735241	NA	NA	NA
Ptcd3	NA	NA	NA	NA	NA	NA	NA	-0.857479022650927
Pten	NA	NA	NA	0.390423740436499	NA	NA	NA	NA
Ptpn2	NA	NA	-0.254932469542429	NA	NA	NA	NA	NA
Puf60	NA	NA	NA	NA	NA	NA	NA	-0.613919633304766
Rab11fip2	-0.548085437902059	NA	NA	NA	NA	NA	NA	NA
Rab1a	-1.36523796138581	NA	NA	NA	NA	NA	NA	NA
Rac1	NA	NA	NA	-0.438055614412566	NA	NA	NA	NA
Rad17	NA	NA	NA	-0.5269333365145	NA	0.351087446356112	NA	NA
Rad50	NA	NA	NA	-0.399316906165863	0.878649830179864	-0.28059864107645	-0.305967896478055	NA
Rad51	NA	NA	NA	-0.871389795926511	0.54023902320876	NA	NA	NA
Rad51ap1	NA	NA	NA	-0.758208065993387	NA	NA	0.192242477690218	NA
Rad51d	NA	NA	NA	-0.516825899674648	0.376514776895341	NA	NA	NA
Rad9a	NA	NA	NA	NA	0.33518113847074	NA	NA	NA
Rae1	NA	NA	NA	-0.487811097304524	NA	NA	NA	NA
Raf1	-0.629900031798958	NA	NA	NA	NA	NA	NA	NA
Ralyl	NA	-0.181847043157414	NA	NA	NA	NA	NA	NA
Ranbp1	NA	NA	NA	-0.360102517126126	NA	NA	NA	NA
Rbbp8	NA	0.218415370133149	NA	-0.537607642597658	NA	NA	NA	NA
Rbm19	NA	NA	NA	NA	0.341714894612183	NA	NA	NA
Rbm22	NA	NA	NA	NA	0.50065321423068	NA	-0.385878812163511	NA
Rbm31y	NA	NA	NA	NA	-0.285238845868133	NA	NA	NA
Rbm39	NA	-0.215108977515271	NA	NA	0.388085042846364	NA	NA	NA
Rbm41	-0.663118197700804	NA	NA	NA	NA	NA	NA	NA
Rbmx2	NA	NA	NA	NA	NA	NA	-0.293854753319372	NA
Rcc1	NA	NA	NA	-0.699842851490428	0.366455320670419	NA	NA	NA
Retreg1	NA	NA	-0.264359810984224	NA	NA	NA	NA	NA
Rfwd3	NA	NA	NA	-0.767191585459095	NA	NA	NA	NA
Rfx7	NA	NA	NA	NA	NA	-0.382127726934436	NA	NA
Rgs1	NA	NA	-0.313968753022772	NA	NA	NA	NA	NA
Rhag	NA	NA	NA	NA	NA	-0.258010362768092	NA	NA
Rhbdd3	NA	NA	NA	NA	NA	NA	NA	-0.51968582710776
Ric8a	NA	NA	NA	0.380149201039565	NA	NA	NA	NA
Rmi1	NA	NA	NA	-0.459116135478805	NA	NA	NA	NA
Rmi2	NA	NA	NA	-0.452862552116862	NA	NA	NA	NA
Rnaseh2b	NA	NA	NA	NA	NA	-0.368370660168064	NA	NA
Rnasek	NA	NA	NA	NA	NA	NA	0.231052123136856	NA
Rnf168	0.914743924632859	0.316721603462513	NA	-1.2772654170357	0.509334339468605	-0.924798739289986	NA	NA
Rnf8	NA	NA	NA	-1.15480002730259	0.667862525851508	-0.521343094808474	NA	NA
Rpa1	NA	NA	NA	NA	NA	NA	-0.250983374759365	NA
Rpa2	NA	NA	NA	NA	NA	0.29195598646589	NA	NA
Rpain	NA	NA	NA	NA	NA	0.271140839360281	NA	NA
Rpf2	NA	NA	NA	-0.640418502032929	0.429479541501391	0.259838326393326	NA	NA
Rpl7l1	NA	NA	NA	NA	0.523949287412817	NA	NA	NA
Rps21	NA	NA	NA	NA	0.582997875618916	NA	NA	NA
Rps5	NA	NA	NA	NA	0.517626125740415	NA	NA	NA
Rptor	NA	NA	NA	-0.352444701435506	NA	NA	NA	NA
Rpusd4	NA	NA	NA	NA	NA	-0.28196163294887	NA	NA
Rrm1	NA	NA	NA	-0.748059457132513	NA	NA	NA	NA
Rrs1	NA	NA	NA	NA	0.493021863280053	NA	NA	NA
Rspo3	NA	NA	0.282214889283705	NA	NA	NA	NA	NA
Ruvbl1	NA	NA	NA	-0.677302762925594	NA	NA	NA	NA
S100a2	NA	NA	-0.373341869184323	NA	NA	NA	NA	-1.04951844399997
S100a7l2	NA	NA	NA	NA	-0.329780187308348	NA	NA	NA
Sae1	NA	NA	-0.329734620928534	NA	NA	NA	NA	NA
Samsn1	-0.622932566920995	NA	NA	NA	NA	NA	NA	NA
Sars	NA	NA	NA	-1.08411604007447	0.673086954389193	NA	NA	NA
Sart3	NA	NA	NA	-0.584748621484515	NA	NA	NA	NA
Saxo2	NA	NA	NA	NA	-0.319260458508275	NA	NA	NA
Scgb1b30	NA	NA	NA	0.315958376012236	NA	NA	NA	NA
Sec13	NA	NA	NA	-0.686887682210072	NA	NA	NA	NA
Sectm1b	NA	NA	NA	NA	NA	NA	NA	-0.49300201966146
Seh1l	NA	NA	NA	-0.654298430650973	NA	NA	NA	NA
Selenos	NA	NA	NA	NA	NA	NA	NA	-0.680471966989903
Semp2l2b	0.499618979443725	NA	NA	NA	NA	NA	NA	NA
Serpina3i	NA	NA	NA	0.312199180518247	NA	NA	NA	NA
Sgo2b	-0.76124921163412	NA	NA	NA	NA	NA	NA	NA
Sh3glb1	NA	NA	NA	NA	NA	0.274382462683709	NA	NA
Shb	NA	NA	NA	NA	NA	NA	NA	-0.526531378331053
Shld2	NA	NA	NA	NA	NA	-0.297812589520167	NA	NA
Sin3a	NA	NA	NA	-0.791571279531569	NA	NA	NA	NA
Sipa1l1	NA	NA	-0.255038952271673	NA	NA	NA	NA	NA
Sis	NA	NA	NA	NA	NA	NA	0.166864402530191	NA
Skint1	NA	NA	NA	NA	NA	-0.257973927836237	NA	NA
Skint3	-0.614776779722567	NA	NA	NA	NA	NA	NA	NA
Slc39a13	0.568269648921853	NA	NA	NA	NA	NA	NA	NA
Slco1a1	NA	NA	NA	NA	NA	NA	NA	-0.579932962263541
Slpi	NA	NA	NA	NA	NA	-0.275739958322054	NA	NA
Smarcad1	NA	NA	NA	NA	0.354739206397617	NA	NA	NA
Smlr1	NA	NA	NA	NA	NA	NA	NA	-0.601465345650883
Snapc1	NA	NA	NA	-0.480528395927291	0.431470994695908	NA	NA	NA
Snapc4	NA	NA	NA	-0.758013079118165	0.414793807901489	NA	NA	NA
Snrnp200	NA	NA	NA	NA	0.345803090377639	NA	NA	NA
Snrnp35	NA	NA	NA	NA	0.585508878711233	NA	NA	NA
Snrpb	NA	NA	NA	-0.818411904952153	NA	NA	NA	NA
Snrpc	NA	NA	NA	NA	0.32140351991435	NA	NA	NA
Sox2	NA	NA	NA	-0.527705243315019	0.486190987744249	NA	NA	NA
Spata2	NA	-0.175703691333834	NA	NA	NA	NA	NA	NA
Spata22	NA	NA	NA	NA	NA	NA	NA	0.49438821669925
Spc24	NA	NA	NA	-0.391528971866138	NA	NA	NA	NA
Spcs2	NA	NA	-0.344979985272416	NA	NA	NA	NA	NA
Spdl1	0.497558336666477	NA	NA	-0.523977262974138	NA	NA	NA	NA
Spinkl	NA	NA	-0.323058447686567	NA	-0.288176943191052	0.337358826693369	NA	NA
Spo11	NA	NA	NA	NA	NA	NA	NA	-0.551471214719167
Srp19	NA	0.250125723871789	NA	NA	NA	NA	NA	NA
Srsf1	NA	NA	NA	NA	0.488155032688377	-0.357872259709434	NA	NA
Srsf2	NA	NA	NA	-0.476525419783286	NA	NA	NA	NA
Stat3	NA	NA	NA	-0.478211866490446	NA	NA	NA	NA
Stn1	NA	NA	NA	NA	NA	-0.402805977873863	NA	NA
Strada	NA	NA	-0.389946021277106	NA	NA	NA	NA	NA
Stxbp6	-0.517885122797547	NA	NA	NA	NA	NA	NA	NA
Sult1e1	NA	NA	NA	NA	NA	-0.255600978756654	NA	NA
Sult2a6	NA	NA	NA	NA	NA	NA	NA	-0.57497888578283
Supt20	NA	NA	NA	-0.402144639723918	NA	NA	NA	NA
Surf6	NA	NA	NA	NA	0.288433868476594	NA	NA	NA
Susd6	-0.485552709784433	NA	NA	NA	NA	NA	NA	NA
Suz12	NA	NA	NA	NA	NA	-0.263328030005946	NA	NA
Sypl	NA	NA	0.228742581843706	NA	NA	NA	NA	NA
Szrd1	NA	NA	NA	NA	NA	NA	NA	-0.757875808160626
Tada3	NA	NA	NA	NA	NA	NA	NA	-0.480296569787673
Taf13	NA	NA	NA	-0.758002435852826	NA	NA	NA	NA
Taf1b	NA	NA	NA	-0.422304919820608	NA	NA	NA	NA
Taf5l	NA	NA	NA	-0.366612017071864	NA	NA	NA	NA
Tas2r131	NA	NA	NA	NA	NA	NA	NA	-1.03856442765718
Tbl3	NA	NA	NA	-0.819131269021834	0.542459170430828	NA	NA	NA
Tbx19	NA	NA	-0.290621511169866	NA	NA	NA	NA	NA
Tceal7	NA	NA	NA	NA	NA	NA	NA	-0.681250195535722
Tceanc	NA	NA	NA	NA	NA	NA	NA	-1.12555006444303
Tcerg1	NA	NA	NA	NA	NA	0.375423717826764	NA	NA
Teddm1a	NA	NA	-0.316116212162475	NA	NA	NA	NA	NA
Telo2	NA	NA	NA	NA	0.46465902175342	NA	NA	NA
Terb1	NA	NA	NA	NA	NA	-0.31657166030572	NA	NA
Tex29	NA	NA	NA	NA	NA	NA	0.181420388336469	0.554577559993504
Tfpi	-0.756531682430826	NA	NA	NA	NA	NA	NA	NA
Tgif2	NA	NA	NA	NA	NA	-0.316936042695313	NA	NA
Thg1l	NA	NA	NA	NA	0.490423286081016	NA	NA	NA
Thoc6	NA	NA	NA	-0.451527645583603	0.330930842807004	NA	NA	NA
Thumpd2	NA	-0.203580091222731	NA	NA	NA	NA	NA	NA
Timmdc1	NA	NA	NA	NA	NA	NA	NA	-0.816151972549392
Tiparp	-0.652656694487248	NA	NA	NA	NA	NA	NA	NA
Tipin	NA	NA	-0.418122514859147	NA	NA	NA	NA	NA
Tiprl	NA	0.223669117825875	NA	NA	NA	NA	NA	NA
Tlr6	NA	NA	0.221753820525332	NA	NA	NA	NA	NA
Tmem123	NA	NA	NA	NA	NA	NA	NA	-0.50784077986015
Tmem225	NA	NA	NA	NA	-0.276351069013503	NA	0.201859174919743	NA
Tmem258	NA	NA	NA	NA	NA	NA	NA	-0.719084051339276
Tmem41a	NA	NA	0.242267376300253	NA	NA	NA	NA	NA
Tmx1	NA	NA	NA	0.311126398685691	NA	NA	NA	NA
Tomm6	NA	NA	NA	NA	NA	-0.367877385679227	NA	NA
Tonsl	NA	0.223247316603476	NA	-0.900614176222288	NA	NA	NA	NA
Top2a	NA	NA	NA	-0.617913165515066	NA	NA	NA	NA
Top3a	NA	NA	NA	NA	0.651721731704946	NA	NA	NA
Topbp1	NA	NA	NA	NA	NA	NA	-0.276445477419711	NA
Triap1	0.63509330593836	NA	NA	-0.64141960016286	NA	NA	NA	NA
Trim17	NA	NA	-0.300400496066624	NA	NA	NA	NA	NA
Trim28	NA	NA	NA	-0.538463991225757	0.338755722966353	NA	NA	NA
Trnt1	NA	NA	NA	NA	0.29864037783791	NA	NA	NA
Trp53	NA	NA	NA	NA	-0.355860986796673	NA	NA	NA
Trp53bp1	NA	-0.292612378372628	NA	0.549089627789777	-0.36017963966296	-0.323152622111659	NA	NA
Tsen34	NA	NA	NA	NA	0.406900799743447	NA	NA	NA
Ttc27	NA	NA	NA	-0.506802058908371	0.392832432496636	NA	NA	NA
Ttc4	-0.603841211970618	NA	NA	NA	NA	NA	NA	NA
Ttf2	NA	NA	NA	NA	NA	0.263687371712576	NA	NA
Tti1	NA	NA	NA	NA	0.59660445610001	NA	NA	NA
Tufm	NA	NA	NA	NA	0.309833230581872	NA	NA	NA
Tut1	0.754907147743575	NA	NA	NA	0.462603889166737	NA	NA	NA
Txnl4a	NA	NA	NA	-0.616108418352585	0.287823636530021	NA	NA	NA
Uba3	NA	NA	NA	NA	0.289364563459728	-0.280343542451034	NA	NA
Ube2cbp	NA	NA	NA	NA	NA	NA	-0.253352443737523	NA
Ube2m	NA	NA	NA	-0.440992625912178	0.358982563678827	NA	NA	NA
Ube2t	NA	NA	NA	-0.807064442348709	NA	NA	NA	NA
Ube2w	NA	NA	NA	NA	NA	-0.288778610043836	NA	NA
Ubp1	NA	-0.200545572662655	NA	NA	NA	NA	NA	NA
Ubr4	NA	NA	NA	-0.352928516855247	NA	NA	NA	NA
Ubr7	-0.512444802143415	NA	NA	NA	NA	NA	NA	NA
Ufsp2	0.61112169191614	NA	NA	NA	NA	NA	NA	NA
Ulk2	NA	NA	NA	NA	NA	NA	NA	0.489080286416361
Usp1	NA	NA	NA	-0.519543415932475	0.301687172952884	NA	NA	NA
Usp5	NA	NA	NA	-0.650554400736402	0.373630944942026	NA	NA	NA
Vhl	NA	NA	NA	-0.478065462200849	NA	NA	NA	NA
Vmn1r195	NA	NA	-0.395876083153716	NA	NA	NA	NA	NA
Vmn1r223	NA	NA	NA	NA	NA	0.292083340165035	NA	NA
Vmn1r224	NA	NA	NA	0.379572340128387	NA	NA	-0.255214886816245	NA
Vmn1r236	NA	NA	NA	NA	NA	-0.262091660000412	NA	NA
Vmn1r31	NA	NA	NA	NA	NA	NA	NA	-0.866580021981535
Vmn1r4	NA	NA	-0.37485058444421	NA	NA	NA	NA	NA
Vmn1r72	NA	NA	NA	NA	NA	0.333563624489498	NA	NA
Vmn1r87	NA	NA	-0.265681802830754	NA	NA	NA	NA	NA
Vmn2r89	-0.657734762647341	NA	NA	NA	NA	NA	NA	NA
Vps54	-0.482816881147184	NA	NA	NA	-0.352653717544366	NA	NA	NA
Vrk2	NA	NA	NA	NA	NA	NA	NA	-0.632650479179718
Wbp2nl	NA	NA	NA	NA	NA	-0.262755680282145	NA	NA
Wdr24	NA	NA	NA	NA	0.293305553269586	NA	NA	NA
Wdr45b	NA	NA	NA	NA	NA	NA	0.183400201316616	NA
Wdr48	NA	NA	NA	-0.63592773730222	NA	NA	NA	NA
Wdr55	NA	NA	NA	NA	0.702291439255763	NA	NA	NA
Wdr61	NA	NA	NA	NA	0.391874347731386	NA	NA	NA
Wdr77	NA	NA	NA	NA	0.404743935391017	NA	NA	NA
Wee1	NA	NA	NA	-0.410606953950718	NA	NA	NA	NA
Wtap	-0.783434242633061	NA	NA	NA	NA	NA	NA	NA
Xab2	NA	NA	0.340151801382966	NA	NA	NA	NA	NA
Xcr1	NA	NA	NA	NA	NA	NA	NA	-0.5606850732449
Xpo5	NA	NA	0.301913909967483	NA	NA	NA	NA	NA
Xrcc4	NA	NA	NA	NA	-0.417116848912013	NA	NA	NA
Xrcc5	NA	NA	-0.468500593711139	NA	1.00512834183698	-0.437037803474892	-0.659440978189099	NA
Xrcc6	NA	NA	-0.519650450733326	NA	1.02102895280327	-0.380363189497627	-0.481949628793628	-0.581939106483823
Xrn2	NA	NA	NA	NA	NA	NA	-0.289130518030834	NA
Yes1	NA	NA	0.281090122705683	NA	NA	NA	NA	NA
Yipf1	NA	NA	NA	NA	NA	-0.256263441750022	NA	NA
Zbtb11	NA	NA	NA	-0.81406049347345	0.525434254259665	NA	NA	NA
Zbtb16	NA	NA	NA	NA	NA	NA	NA	-0.516549382510748
Zbtb8os	NA	NA	NA	-0.759407726462203	0.461858066266347	NA	-0.278875320060758	NA
Zc3h10	NA	NA	NA	-0.337102534723269	NA	NA	NA	NA
Zc3h13	NA	NA	NA	0.333091996061527	NA	NA	NA	NA
Zfat	NA	NA	NA	-0.35348029049308	NA	NA	NA	NA
Zfp131	NA	NA	NA	-0.473778719441058	NA	NA	NA	NA
Zfp160	NA	NA	NA	NA	NA	NA	0.181496304630391	NA
Zfp35	-0.47524950515065	NA	NA	NA	NA	NA	NA	NA
Zfp459	NA	NA	NA	NA	NA	-0.264969673563601	NA	NA
Zfp472	-0.601253363950455	NA	NA	NA	NA	NA	NA	NA
Zfp53	NA	NA	NA	NA	-0.407374897494456	NA	NA	NA
Zfp654	NA	NA	NA	NA	-0.326722691597255	NA	NA	NA
Zfp708	NA	NA	NA	NA	NA	NA	NA	-0.596703925210069
Zfp948	NA	NA	NA	NA	NA	NA	0.182506507278653	NA
Zfp959	NA	NA	NA	NA	NA	-0.511102696244259	NA	NA
Zfy2	NA	NA	NA	NA	NA	NA	0.192429469517668	NA
Zmym5	NA	NA	NA	NA	NA	NA	-0.291141868842735	NA
Zpr1	NA	0.224419225973248	NA	NA	NA	NA	NA	NA
Zswim4	-0.530813138423971	NA	NA	NA	NA	NA	NA	NA
